AGE,AGE_GROUP,CHILDREN,CHURNRISK,ESTINCOME,GENDER,HOMEOWNER,ID,STATUS,DAYSSINCELASTLOGIN,DAYSSINCELASTTRADE,LARGESTSINGLETRANSACTION,NETREALIZEDGAINS_YTD,NETREALIZEDLOSSES_YTD,PERCENTCHANGECALCULATION,SMALLESTSINGLETRANSACTION,TOTALDOLLARVALUETRADED,TOTALUNITSTRADED
12,Senior,0,Low,28770,F,N,950,M,4,6,13996,1399,0,4,1399,27992,16
12,Senior,0,Medium,38538,F,N,49,M,1,10,11431,0,1143,4,1143,22862,16
13,Senior,0,High,89813,F,N,1326,S,4,8,7470,0,747,37,747,14941,149
13,Senior,0,Low,89813,F,N,133,S,5,8,7470,747,0,37,747,14941,149
13,Senior,0,Medium,89813,F,N,1849,S,5,10,7470,0,747,37,747,14941,149
14,Senior,0,High,15924,M,N,212,S,0,0,0,0,0,0,0,0,0
14,Senior,0,High,15924,M,N,1208,S,0,0,0,0,0,0,0,0,0
14,Senior,0,High,15924,M,N,1631,S,0,0,0,0,0,0,0,0,0
14,Senior,0,High,30763,F,Y,954,S,5,7,10661,0,1066,8,1066,21322,35
14,Senior,0,Low,45612,F,N,579,S,2,9,6265,626,0,77,626,12531,311
14,Senior,2,High,86695,F,N,368,M,5,10,12971,0,1297,8,1297,25942,32
14,Senior,2,High,86695,F,N,1715,M,2,7,12971,0,1297,8,1297,25942,32
14,Senior,2,High,86695,F,N,1832,M,1,10,12971,0,1297,8,1297,25942,32
14,Senior,2,High,88427,F,N,1494,M,2,8,11231,0,1123,10,1123,22462,43
14,Senior,2,Low,86695,F,N,648,M,5,8,12971,1297,0,8,1297,25942,32
14,Senior,2,Low,86695,F,N,1449,M,4,10,12971,1297,0,8,1297,25942,32
14,Senior,2,Low,88427,F,N,1354,M,4,9,11231,1123,0,10,1123,22462,43
14,Senior,2,Low,88427,F,N,1875,M,2,5,11231,1123,0,10,1123,22462,43
15,Senior,0,High,5745,M,Y,1858,M,2,10,13201,0,1320,4,1320,26402,17
15,Senior,0,Low,5745,M,Y,755,M,1,8,13201,1320,0,4,1320,26402,17
15,Senior,0,Low,5745,M,Y,1474,M,3,7,13201,1320,0,4,1320,26402,17
15,Senior,0,Low,5745,M,Y,1741,M,5,5,13201,1320,0,4,1320,26402,17
15,Senior,1,Low,3960,M,N,1067,S,4,9,14891,1489,0,16,1489,29782,66
15,Senior,2,High,55860,F,Y,355,M,3,7,8005,0,800,2,800,16011,10
15,Senior,2,High,55860,F,Y,940,M,2,6,8005,0,800,2,800,16011,10
15,Senior,2,Low,55860,F,Y,1588,M,4,5,8005,800,0,2,800,16011,10
16,Senior,0,High,28589,F,N,571,S,4,10,6595,0,659,21,659,13191,87
16,Senior,0,Low,28589,F,N,877,S,4,10,6595,659,0,21,659,13191,87
16,Senior,0,Low,28589,F,N,2065,S,4,8,6595,659,0,21,659,13191,87
16,Senior,0,Low,43382,F,N,153,S,2,5,14836,1483,0,24,1483,29672,99
16,Senior,0,Low,43382,F,N,1010,S,4,7,14836,1483,0,24,1483,29672,99
16,Senior,1,Low,35089,F,N,1012,S,3,8,13006,1300,0,27,1300,26012,108
16,Senior,1,Medium,5252,M,N,1433,M,1,12,662,0,66,2,66,2650,17
17,Senior,0,Medium,78554,M,N,1350,S,2,12,1397,0,139,3,139,5590,23
17,Senior,1,High,24141,M,Y,265,S,3,8,14411,0,1441,24,1441,28822,97
17,Senior,1,High,24141,M,Y,1250,S,2,10,14411,0,1441,24,1441,28822,97
17,Senior,1,High,78554,M,N,490,S,2,20,1397,0,279,3,139,5590,23
17,Senior,1,High,78554,M,N,2014,S,2,19,1397,0,279,3,139,5590,23
17,Senior,1,Low,7545,M,Y,288,M,3,8,11196,1119,0,44,1119,22392,178
17,Senior,1,Low,7545,M,Y,872,M,5,10,11196,1119,0,44,1119,22392,178
17,Senior,1,Low,7545,M,Y,1138,M,1,8,11196,1119,0,44,1119,22392,178
17,Senior,1,Low,7545,M,Y,1687,M,1,8,11196,1119,0,44,1119,22392,178
17,Senior,1,Medium,24141,M,Y,1525,S,1,8,14411,0,1441,24,1441,28822,97
17,Senior,1,Medium,24141,M,Y,2043,S,5,10,14411,0,1441,24,1441,28822,97
17,Senior,2,High,78554,M,N,1633,M,4,20,1397,0,279,3,139,5590,23
19,Child,0,High,2056,M,Y,654,D,2,10,12036,0,1203,6,1203,24072,27
19,Child,0,High,32962,F,N,229,S,5,9,13501,0,1350,38,1350,27002,154
19,Child,1,High,1765,M,N,1425,S,5,20,760,0,152,6,76,3040,44
19,Child,2,High,1406,M,Y,932,M,1,9,5775,0,577,3,577,11551,15
19,Child,2,High,53010,M,N,5,M,2,8,6225,0,622,11,622,12451,46
19,Child,2,High,53010,M,N,1548,M,5,9,6225,0,622,11,622,12451,46
19,Child,2,High,53010,M,N,1681,M,1,7,6225,0,622,11,622,12451,46
19,Child,2,Low,53010,M,N,1132,M,4,7,6225,622,0,11,622,12451,46
19,Child,2,Low,53010,M,N,1399,M,1,10,6225,622,0,11,622,12451,46
20,Child,0,High,2031,F,N,842,M,5,5,10821,0,1082,21,1082,21642,87
20,Child,0,High,2031,F,N,1380,M,4,8,10821,0,1082,21,1082,21642,87
20,Child,0,High,2031,F,N,1895,M,5,7,10821,0,1082,21,1082,21642,87
20,Child,0,High,40120,F,N,508,S,3,6,16501,0,1650,2,1650,33003,9
20,Child,0,Low,2031,F,N,260,M,4,8,10821,1082,0,21,1082,21642,87
20,Child,0,Medium,96681,M,Y,520,M,2,13,500,0,50,6,50,2000,40
20,Child,1,High,6946,F,N,1047,M,5,10,21502,0,2150,2,2150,43004,8
20,Child,1,High,13829,F,N,494,M,1,6,14501,0,1450,40,1450,29002,160
20,Child,1,Medium,6946,F,N,1194,M,3,8,16501,0,1650,2,1650,33003,8
21,Child,0,High,32962,F,N,811,S,1,9,29502,0,2950,38,2950,59005,154
21,Child,0,High,42000,F,N,1363,S,3,10,19501,0,1950,38,1950,39003,154
21,Child,0,Medium,92881,M,N,605,M,3,12,537,0,53,12,53,2150,85
21,Child,0,Medium,92881,M,N,1561,M,3,15,537,0,53,12,53,2150,85
21,Child,1,High,14085,F,N,1635,M,5,8,21502,0,2150,40,2150,43004,160
21,Child,1,High,16432,M,Y,716,S,3,10,10206,0,1020,20,1020,20412,80
21,Child,1,High,16432,M,Y,1327,S,2,6,10206,0,1020,20,1020,20412,80
21,Child,1,High,16432,M,Y,1733,S,4,9,10206,0,1020,20,1020,20412,80
21,Child,1,High,16432,M,Y,1963,S,1,10,10206,0,1020,20,1020,20412,80
21,Child,1,Medium,16432,M,Y,1466,S,5,5,10206,0,1020,20,1020,20412,80
21,Child,2,Low,33330,F,N,231,S,1,9,16501,1650,0,8,1650,33003,35
22,Child,0,High,39461,F,N,984,S,4,7,11436,0,1143,25,1143,22872,103
22,Child,0,Low,39461,F,N,124,S,2,9,11436,1143,0,25,1143,22872,103
22,Child,0,Low,39461,F,N,683,S,2,6,11436,1143,0,25,1143,22872,103
22,Child,0,Low,39461,F,N,1182,S,3,10,11436,1143,0,25,1143,22872,103
22,Child,0,Low,39461,F,N,1324,S,3,8,11436,1143,0,25,1143,22872,103
22,Child,0,Low,39461,F,N,1607,S,5,5,11436,1143,0,25,1143,22872,103
22,Child,0,Low,39461,F,N,1731,S,1,6,11436,1143,0,25,1143,22872,103
22,Child,0,Low,41000,F,N,1358,S,5,6,14001,1400,0,65,1400,28002,262
22,Child,1,High,20550,F,Y,59,M,5,7,13861,0,1386,14,1386,27722,57
22,Child,1,High,20550,F,Y,1150,M,1,7,13861,0,1386,14,1386,27722,57
22,Child,1,High,20550,F,Y,1281,M,5,7,13861,0,1386,14,1386,27722,57
22,Child,1,High,84978,M,N,529,S,5,16,1257,0,251,11,125,5030,76
22,Child,1,Medium,20550,F,Y,334,M,1,5,13861,0,1386,14,1386,27722,57
22,Child,1,Medium,20550,F,Y,1292,M,3,5,13861,0,1386,14,1386,27722,57
22,Child,1,Medium,84978,M,N,835,S,4,15,1257,0,125,11,125,5030,76
22,Child,1,Medium,84978,M,N,1373,S,1,10,1257,0,125,11,125,5030,76
22,Child,1,Medium,84978,M,N,1656,S,4,15,1257,0,125,11,125,5030,76
22,Child,2,High,40120,F,N,509,S,4,8,18501,0,1850,9,1850,37003,38
22,Child,2,Low,43634,M,N,1284,S,4,6,14721,1472,0,26,1472,29442,104
22,Child,2,Low,43634,M,N,1923,S,1,10,14721,1472,0,26,1472,29442,104
23,Child,0,High,35000,F,N,1082,S,4,10,16501,0,1650,15,1650,33003,61
23,Child,0,High,40120,F,Y,809,S,3,8,16001,0,1600,24,1600,32003,99
23,Child,1,High,34555,F,N,469,M,2,9,12886,0,1288,2,1288,25772,8
23,Child,2,High,60095,M,Y,1982,S,4,16,427,0,85,17,42,1710,116
23,Child,2,Low,3416,F,Y,443,S,4,9,9485,948,0,26,948,18971,104
23,Child,2,Medium,30665,M,Y,966,M,1,10,1457,0,145,9,145,5830,63
23,Child,2,Medium,30665,M,Y,1313,M,2,12,1457,0,145,9,145,5830,63
23,Child,2,Medium,30665,M,Y,1836,M,4,13,1457,0,145,9,145,5830,63
24,Child,0,High,32962,F,N,1641,S,5,10,21002,0,2100,65,2100,42004,262
24,Child,0,Low,38000,F,N,1646,S,3,5,14501,1450,0,38,1450,29002,154
24,Child,1,High,35000,F,N,1397,S,2,5,11781,0,1178,51,1178,23562,206
24,Child,1,High,40120,F,N,234,S,5,7,14226,0,1422,26,1422,28452,106
24,Child,1,High,42000,F,N,859,S,5,8,11781,0,1178,51,1178,23562,206
24,Child,1,Low,9309,F,Y,227,D,1,10,20002,2000,0,24,2000,40004,99
24,Child,1,Low,14085,F,N,810,M,3,6,19501,1950,0,6,1950,39003,26
24,Child,1,Low,32962,F,N,1362,M,1,10,12886,1288,0,6,1288,25772,26
24,Child,1,Medium,35089,F,N,1912,S,3,5,11781,1178,0,51,1178,23562,206
25,Child,0,High,9309,M,Y,1361,S,2,19,2140,0,428,14,214,8560,99
25,Child,0,High,9309,M,Y,1644,S,4,15,2140,0,428,14,214,8560,99
25,Child,2,High,9309,F,Y,1881,M,1,17,2140,0,428,14,214,8560,99
25,Child,2,High,9309,M,Y,1221,M,2,15,2140,0,428,14,214,8560,99
25,Child,2,High,91272,M,Y,345,M,1,6,13496,0,1349,3,1349,26992,13
25,Child,2,High,91272,M,Y,1157,M,3,9,13496,0,1349,3,1349,26992,13
25,Child,2,High,91272,M,Y,1936,M,5,6,13496,0,1349,3,1349,26992,13
25,Child,2,Low,91272,M,Y,625,M,4,7,13496,1349,0,3,1349,26992,13
25,Child,2,Low,91272,M,Y,1436,M,1,9,13496,1349,0,3,1349,26992,13
25,Child,2,Low,91272,M,Y,1821,M,2,6,13496,1349,0,3,1349,26992,13
25,Child,2,Medium,9309,M,Y,1765,M,3,14,2140,0,214,14,214,8560,99
25,Child,2,Medium,52004,F,N,281,M,1,11,1257,0,125,3,125,5030,23
25,Child,2,Medium,52004,F,N,2060,M,2,14,1257,0,125,3,125,5030,23
26,Child,1,Low,39229,M,N,893,M,4,5,14411,1441,0,3,1441,28822,13
26,Child,1,Medium,39229,M,N,309,M,4,8,14411,0,1441,3,1441,28822,13
26,Child,2,High,10708,M,N,259,M,1,10,10416,0,1041,29,1041,20832,117
26,Child,2,High,10708,M,N,535,M,2,7,10416,0,1041,29,1041,20832,117
26,Child,2,High,47902,F,N,1268,M,4,8,8720,0,872,12,872,17441,49
26,Child,2,High,47902,F,N,1543,M,1,5,8720,0,872,12,872,17441,49
26,Child,2,High,98003,F,Y,803,M,1,18,257,0,51,12,25,1030,83
26,Child,2,Low,47902,F,N,871,M,2,9,8720,872,0,12,872,17441,49
26,Child,2,Low,47902,F,N,1137,M,5,10,8720,872,0,12,872,17441,49
26,Child,2,Low,47902,F,N,1803,M,4,8,8720,872,0,12,872,17441,49
26,Child,2,Medium,98003,F,Y,497,M,4,14,257,0,25,12,25,1030,83
26,Child,2,Medium,98003,F,Y,1355,M,1,14,257,0,25,12,25,1030,83
26,Child,2,Medium,98003,F,Y,1495,M,4,15,257,0,25,12,25,1030,83
26,Child,2,Medium,98003,F,Y,1638,M,1,14,257,0,25,12,25,1030,83
26,Child,2,Medium,98003,F,Y,1760,M,1,15,257,0,25,12,25,1030,83
27,Child,0,High,47870,M,Y,1153,M,0,0,0,0,0,0,0,0,0
27,Child,2,High,69133,F,Y,486,M,4,16,2145,0,429,5,214,8580,37
27,Child,2,High,69133,F,Y,1751,M,3,17,2145,0,429,5,214,8580,37
27,Child,2,Medium,69133,F,Y,1062,M,1,12,2145,0,214,5,214,8580,37
28,Child,0,Low,72642,F,N,34,M,1,10,9330,933,0,5,933,18661,20
28,Child,1,High,63900,M,N,927,M,5,19,2090,0,418,5,209,8360,39
28,Child,1,High,63900,M,N,1296,M,2,17,2090,0,418,5,209,8360,39
28,Child,1,Medium,92148,M,Y,1233,M,5,12,1000,0,100,15,100,4000,100
28,Child,2,High,83284,F,Y,587,M,1,9,13456,0,1345,2,1345,26912,9
28,Child,2,High,83284,F,Y,892,M,5,9,13456,0,1345,2,1345,26912,9
28,Child,2,Low,94026,F,Y,977,M,2,9,12501,1250,0,2,1250,25002,10
29,Child,0,High,80221,M,N,522,S,1,15,500,0,100,7,50,2000,49
29,Child,2,High,45287,F,Y,25,M,0,0,0,0,0,0,0,0,0
29,Child,2,High,45287,F,Y,303,M,0,0,0,0,0,0,0,0,0
29,Child,2,High,84948,F,Y,1869,M,1,8,5570,0,557,3,557,11141,12
29,Child,2,Low,84948,F,Y,210,M,2,9,5570,557,0,3,557,11141,12
29,Child,2,Low,84948,F,Y,1629,M,3,8,5570,557,0,3,557,11141,12
30,Child,0,Low,59008,F,Y,1103,M,3,10,6430,643,0,4,643,12861,18
30,Child,1,High,46513,F,N,1424,M,5,6,8530,0,853,10,853,17061,41
30,Child,1,Medium,92148,M,Y,1095,M,2,15,1750,0,175,15,175,7000,100
30,Child,2,Low,28267,F,N,481,M,1,7,10936,1093,0,48,1093,21872,192
30,Child,2,Low,28267,F,N,1341,M,2,6,10936,1093,0,48,1093,21872,192
31,Child,2,High,38215,F,N,2015,M,0,0,0,0,0,0,0,0,0
31,Child,2,High,64816,F,Y,1769,M,5,9,10501,0,1050,1,1050,21002,6
32,Child,0,High,89142,M,N,1496,S,1,17,940,0,188,0,94,3760,5
32,Child,2,High,809,F,Y,137,M,0,0,0,0,0,0,0,0,0
32,Child,2,High,809,F,Y,995,M,0,0,0,0,0,0,0,0,0
33,Child,0,High,20078,M,N,1917,S,2,18,2412,0,482,0,241,9650,6
33,Child,0,High,89142,M,N,222,S,5,17,940,0,188,0,94,3760,5
33,Child,0,Medium,84479,M,N,1237,S,3,11,2250,0,225,6,225,9000,43
33,Child,1,High,12374,F,Y,1867,S,1,7,8745,0,874,26,874,17491,106
33,Child,1,High,84166,M,N,1995,D,5,17,820,0,164,1,82,3280,11
33,Child,1,Low,12374,F,Y,1484,S,1,10,8745,874,0,26,874,17491,106
33,Child,1,Medium,20078,M,N,1685,D,1,11,2412,0,241,0,241,9650,6
33,Child,2,High,20078,M,N,1552,M,3,19,2412,0,482,0,241,9650,6
33,Child,2,High,82644,F,Y,134,M,1,8,10986,0,1098,4,1098,21972,19
33,Child,2,Low,82644,F,Y,409,M,5,9,10986,1098,0,4,1098,21972,19
33,Child,2,Low,82644,F,Y,699,M,1,9,10986,1098,0,4,1098,21972,19
33,Child,2,Medium,20078,M,N,9,M,3,11,2412,0,241,0,241,9650,6
33,Child,2,Medium,20078,M,N,286,M,2,10,2412,0,241,0,241,9650,6
33,Child,2,Medium,20078,M,N,1267,M,4,12,2412,0,241,0,241,9650,6
33,Child,2,Medium,82644,F,Y,992,M,1,9,10986,0,1098,4,1098,21972,19
34,Child,0,Medium,78894,M,N,1001,M,1,14,500,0,50,6,50,2000,43
34,Child,1,High,31952,M,N,543,S,0,0,0,0,0,0,0,0,0
34,Child,2,High,24482,F,N,1036,M,0,0,0,0,0,0,0,0,0
34,Child,2,High,38280,F,N,599,S,5,10,5820,0,582,18,582,11641,74
34,Child,2,High,59613,F,N,304,M,3,8,6185,0,618,40,618,12371,163
34,Child,2,High,68462,F,N,1050,M,2,7,12196,0,1219,15,1219,24392,60
34,Child,2,High,77551,F,Y,48,M,5,5,10266,0,1026,10,1026,20532,41
34,Child,2,Low,38280,F,N,44,S,2,5,5820,582,0,18,582,11641,74
34,Child,2,Low,38280,F,N,319,S,1,6,5820,582,0,18,582,11641,74
34,Child,2,Low,59613,F,N,583,M,1,7,6185,618,0,40,618,12371,163
34,Child,2,Low,59613,M,N,1986,M,3,7,6185,618,0,40,618,12371,163
34,Child,2,Low,59613,M,N,2005,M,2,5,6185,618,0,40,618,12371,163
35,Child,2,High,48238,F,N,89,M,4,6,11641,0,1164,42,1164,23282,168
35,Child,2,High,90103,M,N,526,M,1,6,6115,0,611,11,611,12231,45
35,Child,2,Medium,78373,M,N,453,S,2,11,1742,0,174,27,174,6970,184
35,Child,2,Medium,78373,M,N,760,S,4,14,1742,0,174,27,174,6970,184
36,Child,0,High,21416,M,N,1871,S,4,20,2475,0,495,1,247,9900,8
36,Child,2,High,7776,F,N,99,M,5,7,12936,0,1293,17,1293,25872,68
36,Child,2,High,7776,F,N,374,M,2,10,12936,0,1293,17,1293,25872,68
36,Child,2,High,21416,M,N,1489,M,2,18,2475,0,495,1,247,9900,8
36,Child,2,Low,7776,F,N,655,M,2,6,12936,1293,0,17,1293,25872,68
36,Child,2,Low,7776,F,N,959,M,4,6,12936,1293,0,17,1293,25872,68
36,Child,2,Medium,21416,M,N,795,M,4,13,2475,0,247,1,247,9900,8
36,Child,2,Medium,21416,M,N,1065,M,1,10,2475,0,247,1,247,9900,8
36,Child,2,Medium,21416,M,N,1349,M,2,11,2475,0,247,1,247,9900,8
36,Child,2,Medium,21416,M,N,1632,M,4,11,2475,0,247,1,247,9900,8
37,Child,0,Low,7325,F,N,342,S,3,9,14261,1426,0,40,1426,28522,161
37,Child,0,Low,7325,F,N,622,S,3,5,14261,1426,0,40,1426,28522,161
37,Child,0,Low,7325,F,N,926,S,2,8,14261,1426,0,40,1426,28522,161
37,Child,2,Low,8392,F,Y,1038,S,4,7,12516,1251,0,13,1251,25032,54
38,Child,0,High,919,F,N,178,S,4,8,13641,0,1364,23,1364,27282,93
38,Child,0,High,919,F,N,762,S,1,10,13641,0,1364,23,1364,27282,93
38,Child,0,Medium,90321,M,N,1677,S,1,15,217,0,21,1,21,870,11
38,Child,2,Low,59691,F,N,1330,M,1,6,10971,1097,0,64,1097,21942,256
38,Child,2,Low,59691,F,N,1853,M,3,6,10971,1097,0,64,1097,21942,256
38,Child,2,Low,64977,F,N,248,M,5,6,14056,1405,0,4,1405,28112,17
39,Child,1,High,540,F,Y,424,S,2,10,6170,0,617,1,617,12341,7
39,Child,1,High,5306,M,N,1716,M,5,19,1380,0,276,2,138,5520,17
39,Child,1,High,13576,F,N,19,S,5,7,7415,0,741,6,741,14831,25
39,Child,1,High,13576,F,N,574,S,4,10,7415,0,741,6,741,14831,25
39,Child,1,Low,540,F,Y,725,S,1,5,6170,617,0,1,617,12341,7
39,Child,1,Low,540,F,Y,1611,S,2,9,6170,617,0,1,617,12341,7
39,Child,1,Low,13576,F,N,880,S,2,5,7415,741,0,6,741,14831,25
39,Child,1,Low,13576,F,N,1806,S,1,5,7415,741,0,6,741,14831,25
39,Child,2,High,28220,F,N,292,M,1,9,13246,0,1324,3,1324,26492,12
39,Child,2,High,28220,F,N,876,S,1,7,13246,0,1324,3,1324,26492,12
39,Child,2,Low,28220,F,N,15,M,1,9,13246,1324,0,3,1324,26492,12
40,Child,0,High,2121,F,N,694,S,4,19,505,0,101,5,50,2020,36
40,Child,0,High,93322,F,Y,1939,S,3,9,14961,0,1496,2,1496,29922,8
40,Child,0,High,94928,M,N,743,S,5,8,7210,0,721,18,721,14421,73
40,Child,0,Low,93322,F,Y,351,S,3,9,14961,1496,0,2,1496,29922,8
40,Child,0,Low,93322,F,Y,1160,S,5,7,14961,1496,0,2,1496,29922,8
40,Child,2,High,36660,F,Y,777,M,0,0,0,0,0,0,0,0,0
40,Child,2,High,36660,F,Y,1049,M,0,0,0,0,0,0,0,0,0
40,Child,2,High,50622,F,N,162,M,1,10,10226,0,1022,22,1022,20452,90
40,Child,2,High,52957,F,Y,402,M,4,7,12896,0,1289,31,1289,25792,125
40,Child,2,High,83073,F,N,62,S,0,0,0,0,0,0,0,0,0
40,Child,2,Low,50622,F,N,437,M,5,7,10226,1022,0,22,1022,20452,90
40,Child,2,Low,50622,F,N,744,M,4,10,10226,1022,0,22,1022,20452,90
41,Child,0,High,27371,F,Y,852,M,2,9,8070,0,807,31,807,16141,126
41,Child,0,High,64319,F,N,1375,S,2,18,752,0,150,5,75,3010,37
41,Child,0,High,83287,F,N,1169,M,5,7,14821,0,1482,22,1482,29642,90
41,Child,0,Medium,55221,F,N,1781,M,3,10,122,0,12,2,12,490,15
41,Child,0,Medium,64319,F,N,255,S,1,13,752,0,75,5,75,3010,37
41,Child,0,Medium,64319,F,N,1658,S,5,12,752,0,75,5,75,3010,37
41,Child,0,Medium,64319,F,N,2033,S,5,13,752,0,75,5,75,3010,37
41,Child,1,Low,98453,F,Y,1178,M,4,9,6860,686,0,2,686,13721,11
41,Child,2,High,30998,F,N,1348,M,4,18,600,0,120,7,60,2400,50
41,Child,2,High,30998,F,N,2004,M,4,16,600,0,120,7,60,2400,50
41,Child,2,High,47639,M,N,396,M,2,10,8740,0,874,9,874,17481,39
41,Child,2,Medium,30998,F,N,794,M,1,14,600,0,60,7,60,2400,50
41,Child,2,Medium,56187,F,N,1795,M,2,11,2022,0,202,1,202,8090,13
42,Child,0,High,42760,F,N,1253,S,5,5,6735,0,673,10,673,13471,40
42,Child,0,High,60102,M,N,639,M,4,15,2460,0,492,9,246,9840,62
42,Child,0,High,71472,M,N,1256,M,3,7,8010,0,801,28,801,16021,114
42,Child,0,High,71472,M,N,1674,M,1,9,8010,0,801,28,801,16021,114
42,Child,0,High,71472,M,N,2049,M,1,8,8010,0,801,28,801,16021,114
42,Child,0,Low,78572,M,Y,948,M,1,5,10906,1090,0,7,1090,21812,29
42,Child,0,Medium,83287,F,N,659,M,5,15,142,0,14,3,14,570,23
42,Child,1,High,66921,F,Y,1602,M,5,6,7850,0,785,2,785,15701,8
42,Child,1,High,68427,F,N,589,D,3,5,11881,0,1188,12,1188,23762,50
42,Child,1,High,71329,M,Y,1004,S,3,8,7135,0,713,11,713,14271,45
42,Child,1,High,71472,M,N,1124,M,1,6,8010,0,801,28,801,16021,114
42,Child,1,Low,71329,M,Y,147,S,4,8,7135,713,0,11,713,14271,45
42,Child,1,Low,71472,M,N,1391,M,3,5,8010,801,0,28,801,16021,114
42,Child,2,High,80087,F,N,1612,M,1,16,2185,0,437,3,218,8740,22
42,Child,2,High,80087,F,N,1968,M,3,19,2185,0,437,3,218,8740,22
42,Child,2,High,91861,F,Y,207,M,5,9,7660,0,766,1,766,15321,6
42,Child,2,High,91861,F,Y,484,M,5,5,7660,0,766,1,766,15321,6
42,Child,2,High,91861,F,Y,1344,M,3,5,7660,0,766,1,766,15321,6
42,Child,2,High,120000,M,N,581,S,5,5,10686,0,1068,73,1068,21372,293
42,Child,2,Low,28787,F,N,1289,S,1,6,13986,1398,0,14,1398,27972,58
42,Child,2,Low,60485,F,N,994,M,4,6,5850,585,0,7,585,11701,28
42,Child,2,Low,91861,F,Y,1866,M,3,9,7660,766,0,1,766,15321,6
42,Child,2,Medium,56187,F,N,276,M,2,12,2022,0,202,1,202,8090,13
42,Child,2,Medium,60485,F,N,136,M,3,8,5850,0,585,7,585,11701,28
43,Child,0,Medium,27498,F,N,964,S,3,15,550,0,55,1,55,2200,9
43,Child,0,Medium,55221,F,N,538,M,1,14,122,0,12,2,12,490,15
43,Child,0,Medium,73228,F,N,1937,S,3,9,11236,0,1123,7,1123,22472,28
43,Child,1,High,7737,F,N,885,S,5,7,5525,0,552,12,552,11051,50
43,Child,1,High,8073,F,N,1782,M,4,9,14351,0,1435,15,1435,28702,60
43,Child,1,High,98680,F,Y,1454,M,4,9,8790,0,879,2,879,17581,8
43,Child,1,Low,7737,F,N,23,S,1,7,5525,552,0,12,552,11051,50
43,Child,1,Low,7737,F,N,301,S,2,10,5525,552,0,12,552,11051,50
43,Child,1,Low,49072,F,N,1254,S,1,10,11751,1175,0,2,1175,23502,10
43,Child,1,Low,98453,F,Y,1603,M,4,8,6860,686,0,2,686,13721,11
43,Child,2,High,11251,F,Y,1970,S,4,8,14211,0,1421,28,1421,28422,113
43,Child,2,High,18296,F,Y,983,M,4,18,20,0,4,1,2,80,10
43,Child,2,High,47639,M,N,980,M,4,6,8740,0,874,9,874,17481,39
43,Child,2,High,56187,F,N,553,M,5,18,2022,0,404,1,202,8090,13
43,Child,2,High,56187,F,N,1679,M,1,15,2022,0,404,1,202,8090,13
43,Child,2,Low,17888,F,N,360,M,3,5,14706,1470,0,83,1470,29412,332
43,Child,2,Medium,18296,F,Y,123,M,4,15,20,0,2,1,2,80,10
43,Child,2,Medium,18296,F,Y,398,M,2,10,20,0,2,1,2,80,10
44,Child,0,High,83287,F,N,378,M,5,15,142,0,28,3,14,570,23
44,Child,0,High,83287,F,N,1717,M,4,5,14821,0,1482,22,1482,29642,90
44,Child,0,Medium,67239,F,N,463,S,4,6,6445,0,644,13,644,12891,53
44,Child,1,High,67239,F,N,770,D,5,5,6445,0,644,13,644,12891,53
44,Child,1,Medium,57626,M,Y,1402,S,2,11,2345,0,234,5,234,9380,38
44,Child,2,High,41876,F,Y,239,M,1,16,1695,0,339,19,169,6780,132
44,Child,2,High,57483,F,N,202,M,4,10,8505,0,850,6,850,17011,27
44,Child,2,High,57483,F,N,1478,M,2,9,8505,0,850,6,850,17011,27
44,Child,2,Medium,41876,F,Y,821,M,5,10,1695,0,169,19,169,6780,132
44,Child,2,Medium,57483,F,N,785,M,5,5,8505,0,850,6,850,17011,27
45,Child,0,High,66666,M,N,395,M,5,19,982,0,196,3,98,3930,26
45,Child,0,High,83287,F,N,97,M,3,7,14821,0,1482,22,1482,29642,90
45,Child,0,High,83900,F,N,1417,M,5,8,14106,0,1410,2,1410,28212,8
45,Child,0,Low,76161,M,Y,1587,M,1,8,5980,598,0,6,598,11961,25
45,Child,1,High,76161,M,Y,634,M,2,9,5980,0,598,6,598,11961,25
45,Child,1,Low,76161,M,Y,1162,M,5,10,5980,598,0,6,598,11961,25
45,Child,2,High,16962,F,N,1378,M,1,6,9300,0,930,2,930,18601,8
45,Child,2,High,90271,F,N,1229,M,1,8,6980,0,698,24,698,13961,96
45,Child,2,High,90271,F,N,1369,M,5,5,6980,0,698,24,698,13961,96
45,Child,2,Low,16962,F,N,1110,M,1,7,9300,930,0,2,930,18601,8
45,Child,2,Low,90271,F,N,235,M,4,7,6980,698,0,24,698,13961,96
45,Child,2,Low,90271,F,N,2027,M,2,7,6980,698,0,24,698,13961,96
46,Child,0,High,65619,M,Y,1174,M,1,5,6780,0,678,36,678,13561,144
46,Child,0,Low,27371,F,Y,1255,M,2,6,8070,807,0,31,807,16141,126
46,Child,0,Low,42760,F,N,1787,S,2,7,6735,673,0,10,673,13471,40
46,Child,0,Low,92414,M,Y,1590,M,2,9,14716,1471,0,2,1471,29432,10
46,Child,0,Low,95786,F,Y,855,S,5,6,10666,1066,0,21,1066,21332,87
46,Child,0,Medium,55221,F,N,2040,M,1,15,122,0,12,2,12,490,15
46,Child,1,High,92414,M,Y,1829,M,3,5,14716,0,1471,2,1471,29432,10
46,Child,1,Low,2800,F,N,1086,S,4,9,14226,1422,0,26,1422,28452,106
46,Child,1,Low,2800,F,N,1228,S,3,7,14226,1422,0,26,1422,28452,106
46,Child,1,Low,2800,F,N,1883,S,2,9,14226,1422,0,26,1422,28452,106
46,Child,1,Low,92414,M,Y,1446,M,3,10,14716,1471,0,2,1471,29432,10
46,Child,1,Low,98680,F,Y,387,M,5,10,8790,879,0,2,879,17581,8
46,Child,2,High,2842,F,N,64,S,0,0,0,0,0,0,0,0,0
46,Child,2,High,2842,F,N,338,S,0,0,0,0,0,0,0,0,0
46,Child,2,High,21274,F,N,203,S,3,10,5435,0,543,8,543,10871,32
46,Child,2,High,57420,F,Y,1179,S,4,7,12591,0,1259,63,1259,25182,252
46,Child,2,High,62061,F,Y,1280,M,5,5,14931,0,1493,13,1493,29862,52
46,Child,2,High,62061,F,Y,1576,M,2,9,14931,0,1493,13,1493,29862,52
46,Child,2,Low,21274,F,N,786,S,2,5,5435,543,0,8,543,10871,32
46,Child,2,Low,21274,F,N,1622,S,4,7,5435,543,0,8,543,10871,32
46,Child,2,Low,50561,F,N,384,M,2,5,8300,830,0,28,830,16601,113
46,Child,2,Low,62061,F,Y,1291,M,1,6,14931,1493,0,13,1493,29862,52
46,Child,2,Low,63670,F,Y,780,M,3,8,13696,1369,0,12,1369,27392,51
47,Child,0,High,77000,F,N,1948,M,1,8,14821,0,1482,22,1482,29642,90
47,Child,0,High,85275,F,N,1724,S,3,10,11241,0,1124,37,1124,22482,151
47,Child,0,Medium,42760,F,N,545,S,2,9,6735,0,673,10,673,13471,40
47,Child,1,High,49072,F,N,269,S,2,5,11751,0,1175,2,1175,23502,10
47,Child,1,High,66921,F,Y,1842,M,1,10,7850,0,785,2,785,15701,8
47,Child,1,Low,95620,F,Y,389,M,3,6,5455,545,0,23,545,10911,93
47,Child,2,High,28766,M,N,343,M,1,19,1527,0,305,8,152,6110,58
47,Child,2,Low,194,F,N,386,M,5,8,14131,1413,0,9,1413,28262,38
47,Child,2,Medium,28766,M,N,928,M,5,13,1527,0,152,8,152,6110,58
47,Child,2,Medium,28766,M,N,1155,M,4,14,1527,0,152,8,152,6110,58
48,Child,0,High,42760,F,N,1388,S,1,9,6735,0,673,10,673,13471,40
48,Child,0,High,52089,F,N,696,M,2,8,5405,0,540,3,540,10811,13
48,Child,0,High,55000,F,N,705,M,1,17,92,0,18,4,9,370,28
48,Child,0,High,80000,F,N,140,M,5,5,13781,0,1378,11,1378,27562,45
48,Child,0,High,95405,F,N,549,M,5,20,1935,0,387,0,193,7740,6
48,Child,0,Medium,68641,F,Y,1563,S,1,14,1275,0,127,7,127,5100,50
48,Child,0,Medium,78851,F,N,289,S,1,14,92,0,9,4,9,370,28
48,Child,1,High,2067,M,N,1718,M,3,8,7625,0,762,17,762,15251,70
48,Child,1,High,73338,F,N,532,S,4,8,10461,0,1046,2,1046,20922,9
48,Child,1,High,73338,F,N,1241,S,5,9,10461,0,1046,2,1046,20922,9
48,Child,1,High,73338,F,N,1376,S,5,5,10461,0,1046,2,1046,20922,9
48,Child,1,High,77000,F,Y,1453,M,4,19,1520,0,304,4,152,6080,30
48,Child,1,Low,2067,M,N,100,M,3,6,7625,762,0,17,762,15251,70
48,Child,1,Low,2067,M,N,375,M,3,8,7625,762,0,17,762,15251,70
48,Child,1,Low,2067,M,N,656,M,3,9,7625,762,0,17,762,15251,70
48,Child,1,Low,2067,M,N,960,M,5,5,7625,762,0,17,762,15251,70
48,Child,1,Low,73338,F,N,256,S,3,10,10461,1046,0,2,1046,20922,9
48,Child,1,Low,98453,F,Y,1843,M,2,10,6860,686,0,2,686,13721,11
48,Child,1,Medium,73338,F,N,838,S,1,9,10461,0,1046,2,1046,20922,9
48,Child,1,Medium,73338,F,N,2034,S,3,10,10461,1046,0,2,1046,20922,9
48,Child,2,High,49745,F,N,1213,M,3,20,710,0,142,3,71,2840,24
48,Child,2,High,49745,F,N,1493,M,5,19,710,0,142,3,71,2840,24
48,Child,2,High,49745,F,N,1874,M,3,19,710,0,142,3,71,2840,24
48,Child,2,High,76289,F,N,501,M,3,8,11101,0,1110,20,1110,22202,82
48,Child,2,High,76289,F,N,1763,M,4,8,11101,0,1110,20,1110,22202,82
48,Child,2,Low,47639,M,N,121,M,3,10,8740,874,0,9,874,17481,39
48,Child,2,Low,76289,F,N,807,M,2,6,11101,1110,0,20,1110,22202,82
48,Child,2,Low,76289,F,N,1219,M,4,8,11101,1110,0,20,1110,22202,82
48,Child,2,Low,76289,F,N,1879,M,5,9,11101,1110,0,20,1110,22202,82
48,Child,2,Medium,49745,F,N,1636,M,4,15,710,0,71,3,71,2840,24
49,Child,0,High,3601,M,N,33,S,1,19,2392,0,478,16,239,9570,111
49,Child,0,High,3601,M,N,720,S,3,16,2392,0,478,16,239,9570,111
49,Child,0,High,68000,M,N,979,M,4,19,982,0,196,3,98,3930,26
49,Child,0,Low,92564,F,Y,757,S,2,7,11586,1158,0,12,1158,23172,51
49,Child,0,Low,93454,F,Y,754,S,5,10,9470,947,0,6,947,18941,25
49,Child,0,Medium,3601,M,N,311,S,3,12,2392,0,239,16,239,9570,111
49,Child,1,Low,93454,F,Y,171,S,2,5,9470,947,0,6,947,18941,25
49,Child,1,Low,95620,M,Y,1954,M,2,10,5455,545,0,23,545,10911,93
49,Child,1,Medium,83287,F,Y,1837,M,3,10,1520,0,152,4,152,6080,30
49,Child,2,High,5237,F,N,17,M,3,7,6660,0,666,14,666,13321,56
49,Child,2,High,11234,F,Y,1476,M,1,19,172,0,34,16,17,690,112
49,Child,2,High,48322,F,Y,759,M,5,17,1672,0,334,6,167,6690,43
49,Child,2,Low,5237,F,N,294,M,4,5,6660,666,0,14,666,13321,56
49,Child,2,Medium,11234,F,Y,1337,M,2,10,172,0,17,16,17,690,112
49,Child,2,Medium,48322,F,Y,1032,M,1,14,1672,0,167,6,167,6690,43
50,Child,1,High,33084,F,Y,721,S,3,8,9885,0,988,26,988,19771,105
50,Child,2,High,81913,F,Y,761,M,4,16,1675,0,335,6,167,6700,46
50,Child,2,Low,36647,F,N,254,M,5,9,10706,1070,0,21,1070,21412,85
50,Child,2,Low,36647,F,N,1374,M,2,7,10706,1070,0,21,1070,21412,85
51,Child,0,High,19732,M,N,279,M,5,8,12406,0,1240,5,1240,24812,22
51,Child,0,High,77994,F,N,249,M,3,8,6200,0,620,22,620,12401,89
51,Child,0,Low,77994,F,N,525,M,4,9,6200,620,0,22,620,12401,89
51,Child,0,Low,77994,F,N,831,M,1,10,6200,620,0,22,620,12401,89
51,Child,0,Low,77994,F,N,1101,M,4,5,6200,620,0,22,620,12401,89
51,Child,1,High,16326,F,N,27,S,0,0,0,0,0,0,0,0,0
51,Child,1,Medium,97180,M,N,318,M,3,13,2052,0,205,6,205,8210,45
51,Child,2,High,83259,F,N,465,M,0,0,0,0,0,0,0,0,0
51,Child,2,High,83259,F,N,1043,M,0,0,0,0,0,0,0,0,0
51,Child,2,Low,9559,F,N,28,S,4,8,9155,915,0,14,915,18311,59
51,Child,2,Low,9559,F,N,306,S,1,5,9155,915,0,14,915,18311,59
51,Child,2,Low,42031,F,N,1408,M,3,9,10226,1022,0,9,1022,20452,39
52,Child,0,High,66666,M,N,101,S,2,18,1145,0,229,1,114,4580,8
52,Child,0,High,91498,F,N,719,S,5,9,10761,0,1076,6,1076,21522,25
52,Child,1,High,57063,F,Y,882,M,3,8,8395,0,839,20,839,16791,81
52,Child,1,High,64792,M,N,935,M,1,8,6525,0,652,9,652,13051,36
52,Child,1,High,64792,M,N,1440,M,5,7,6525,0,652,9,652,13051,36
52,Child,1,High,95011,F,N,686,M,0,0,0,0,0,0,0,0,0
52,Child,1,Low,8073,F,N,1248,M,1,8,14351,1435,0,15,1435,28702,60
52,Child,1,Low,64792,M,N,630,M,2,8,6525,652,0,9,652,13051,36
52,Child,1,Low,64792,M,N,1823,M,5,5,6525,652,0,9,652,13051,36
52,Child,1,Low,78000,M,Y,746,M,1,7,14776,1477,0,15,1477,29552,62
52,Child,2,High,11251,F,Y,434,S,5,7,14211,0,1421,28,1421,28422,113
52,Child,2,High,19008,F,Y,416,S,3,6,5270,0,527,34,527,10541,137
52,Child,2,High,23464,F,Y,969,S,5,8,11216,0,1121,10,1121,22432,41
52,Child,2,High,49910,M,Y,1303,M,4,6,13711,0,1371,5,1371,27422,23
52,Child,2,High,63234,F,Y,122,M,0,0,0,0,0,0,0,0,0
52,Child,2,High,63234,F,Y,678,M,0,0,0,0,0,0,0,0,0
52,Child,2,High,92103,F,N,182,M,5,15,1855,0,371,1,185,7420,7
52,Child,2,Low,11251,F,Y,1737,S,3,5,14211,1421,0,28,1421,28422,113
52,Child,2,Low,19008,F,Y,998,S,2,5,5270,527,0,34,527,10541,137
52,Child,2,Low,49910,M,Y,1940,M,2,5,13711,1371,0,5,1371,27422,23
53,Child,0,High,67388,M,N,2007,M,5,20,1197,0,239,13,119,4790,91
53,Child,0,High,73228,F,N,1158,S,1,6,11236,0,1123,7,1123,22472,28
53,Child,0,Low,20913,F,N,722,S,5,8,11496,1149,0,16,1149,22992,65
53,Child,0,Low,42760,F,N,850,S,5,8,6735,673,0,10,673,13471,40
53,Child,0,Low,95786,F,Y,550,S,3,10,10666,1066,0,21,1066,21332,87
53,Child,1,High,95620,F,Y,1317,M,1,5,5455,0,545,23,545,10911,93
53,Child,1,Low,94278,F,Y,1416,S,5,6,13341,1334,0,2,1334,26682,9
53,Child,2,High,11251,F,Y,1188,S,5,5,14211,0,1421,28,1421,28422,113
53,Child,2,High,17888,F,N,640,M,1,8,14706,0,1470,83,1470,29412,332
53,Child,2,High,22358,M,N,339,M,4,5,7770,0,777,3,777,15541,12
53,Child,2,High,22358,M,N,923,M,3,6,7770,0,777,3,777,15541,12
53,Child,2,High,57360,M,Y,1589,M,5,7,5180,0,518,14,518,10361,57
53,Child,2,High,57360,M,Y,1711,M,1,5,5180,0,518,14,518,10361,57
53,Child,2,High,87578,F,Y,367,M,4,17,72,0,14,3,7,290,22
53,Child,2,High,87578,F,Y,1592,M,3,15,72,0,14,3,7,290,22
53,Child,2,High,87578,F,Y,1831,M,4,20,72,0,14,3,7,290,22
53,Child,2,High,89459,M,N,573,S,1,10,5770,0,577,5,577,11541,22
53,Child,2,High,89459,M,N,879,S,4,8,5770,0,577,5,577,11541,22
53,Child,2,High,89459,M,N,1406,S,2,6,5770,0,577,5,577,11541,22
53,Child,2,Low,8204,F,N,41,M,1,10,7795,779,0,6,779,15591,24
53,Child,2,Low,8204,F,N,596,M,2,7,7795,779,0,6,779,15591,24
53,Child,2,Low,57360,M,Y,82,M,2,5,5180,518,0,14,518,10361,57
53,Child,2,Low,89459,M,N,1555,S,2,10,5770,577,0,5,577,11541,22
53,Child,2,Medium,5265,M,N,528,M,3,11,582,0,58,3,58,2330,23
53,Child,2,Medium,5265,M,N,834,M,1,10,582,0,58,3,58,2330,23
53,Child,2,Medium,56187,F,N,1536,M,3,17,2022,0,404,1,202,8090,13
53,Child,2,Medium,67388,F,N,298,M,3,10,1197,0,119,13,119,4790,91
53,Child,2,Medium,87578,F,Y,1309,M,1,12,72,0,7,3,7,290,22
54,Child,0,Low,95448,M,Y,1524,M,3,5,12121,1212,0,1,1212,24242,5
54,Child,0,Low,95448,M,Y,1667,M,5,5,12121,1212,0,1,1212,24242,5
54,Child,0,Medium,62797,M,N,717,M,4,12,2080,0,208,8,208,8320,55
54,Child,0,Medium,84166,M,N,1981,M,4,11,820,0,82,1,82,3280,11
54,Child,0,Medium,84166,M,N,1992,M,5,14,820,0,82,1,82,3280,11
54,Child,0,Medium,89142,M,N,498,S,2,13,940,0,94,0,94,3760,5
54,Child,0,Medium,89142,M,N,804,S,1,20,940,0,188,0,94,3760,5
54,Child,0,Medium,89142,M,N,1639,S,5,11,940,0,94,0,94,3760,5
54,Child,1,High,2929,F,N,514,S,5,7,7000,0,700,22,700,14001,88
54,Child,1,High,12526,F,N,86,S,2,10,5860,0,586,7,586,11721,28
54,Child,1,High,95448,M,Y,1783,M,3,5,12121,0,1212,1,1212,24242,5
54,Child,1,High,95448,M,Y,1899,M,2,9,12121,0,1212,1,1212,24242,5
54,Child,1,Low,2929,F,N,820,S,4,8,7000,700,0,22,700,14001,88
54,Child,2,High,3193,F,N,371,M,1,16,1047,0,209,17,104,4190,114
54,Child,2,High,3193,F,N,651,M,2,15,1047,0,209,17,104,4190,114
54,Child,2,Medium,84166,F,N,883,M,3,12,820,0,82,1,82,3280,11
55,Child,0,High,74460,M,Y,1695,S,1,6,12766,0,1276,44,1276,25532,179
55,Child,0,High,77000,F,N,103,M,4,17,142,0,28,3,14,570,23
55,Child,0,High,90478,M,N,275,S,2,10,9010,0,901,34,901,18021,136
55,Child,0,High,90478,M,N,1395,S,5,6,9010,0,901,34,901,18021,136
55,Child,0,Low,74460,M,Y,914,S,3,10,12766,1276,0,44,1276,25532,179
55,Child,0,Low,90478,M,N,1535,S,4,10,9010,901,0,34,901,18021,136
55,Child,0,Medium,62724,M,Y,723,M,5,5,10996,0,1099,13,1099,21992,52
55,Child,0,Medium,73228,F,N,1583,S,3,9,11236,0,1123,7,1123,22472,28
55,Child,0,Medium,90321,M,N,1127,S,5,12,217,0,21,1,21,870,11
55,Child,1,High,66921,F,Y,1458,M,5,5,7850,0,785,2,785,15701,8
55,Child,1,High,90478,M,N,552,D,4,9,9010,0,901,34,901,18021,136
55,Child,1,Low,90478,M,N,1128,D,4,8,9010,901,0,34,901,18021,136
55,Child,1,Low,90478,M,N,1910,S,4,9,9010,901,0,34,901,18021,136
55,Child,2,High,57420,F,Y,394,S,1,6,12591,0,1259,63,1259,25182,252
55,Child,2,High,76791,F,N,953,S,3,6,10356,0,1035,5,1035,20712,23
55,Child,2,Low,23464,F,Y,666,S,5,8,11216,1121,0,10,1121,22432,41
55,Child,2,Medium,20919,M,N,692,S,3,13,1565,0,156,22,156,6260,153
56,Child,0,High,12387,M,N,783,M,4,20,500,0,100,9,50,2000,65
56,Child,0,High,12387,M,N,1196,M,0,0,0,0,0,0,0,0,0
56,Child,0,Low,83287,F,N,372,M,2,6,14821,1482,0,22,1482,29642,90
56,Child,0,Low,98056,F,N,417,M,5,9,11851,1185,0,31,1185,23702,126
56,Child,0,Low,98056,F,N,999,M,5,5,11851,1185,0,31,1185,23702,126
56,Child,0,Low,98716,F,N,896,S,4,6,10486,1048,0,3,1048,20972,13
56,Child,1,High,92647,M,N,1144,S,1,10,8020,0,802,2,802,16041,10
56,Child,1,High,92647,M,N,1275,S,4,6,8020,0,802,2,802,16041,10
56,Child,1,Low,92647,M,N,53,S,5,5,8020,802,0,2,802,16041,10
56,Child,2,High,96,M,N,3,S,3,5,13066,0,1306,8,1306,26132,32
56,Child,2,High,19131,F,N,61,S,2,5,11076,0,1107,8,1107,22152,34
56,Child,2,High,19131,F,N,1152,S,5,7,11076,0,1107,8,1107,22152,34
56,Child,2,High,19131,F,N,1818,S,1,7,11076,0,1107,8,1107,22152,34
56,Child,2,High,36725,F,N,1342,M,5,19,2162,0,432,11,216,8650,77
56,Child,2,High,63566,F,Y,132,M,2,19,1985,0,397,9,198,7940,65
56,Child,2,High,72084,M,N,1387,S,5,8,14556,0,1455,2,1455,29112,9
56,Child,2,Low,19131,F,N,920,S,3,7,11076,1107,0,8,1107,22152,34
56,Child,2,Low,19131,F,N,1701,S,4,8,11076,1107,0,8,1107,22152,34
56,Child,2,Low,19131,F,N,1933,S,5,6,11076,1107,0,8,1107,22152,34
56,Child,2,Low,72084,M,N,544,S,5,5,14556,1455,0,2,1455,29112,9
56,Child,2,Low,72084,M,N,1252,S,5,6,14556,1455,0,2,1455,29112,9
56,Child,2,Low,72084,M,N,1786,S,1,9,14556,1455,0,2,1455,29112,9
56,Child,2,Low,72084,M,N,2045,S,3,7,14556,1455,0,2,1455,29112,9
56,Child,2,Medium,36725,F,N,1624,M,2,14,2162,0,216,11,216,8650,77
57,Child,0,High,53432,F,Y,714,M,4,9,6280,0,628,20,628,12561,83
57,Child,0,High,77726,F,N,1882,S,5,5,7000,0,700,2,700,14001,9
57,Child,0,Low,77726,F,N,1506,S,4,5,7000,700,0,2,700,14001,9
57,Child,1,High,71502,F,N,684,M,0,0,0,0,0,0,0,0,0
57,Child,1,Low,77726,F,N,1366,D,3,8,7000,700,0,2,700,14001,9
57,Child,2,High,47010,F,N,185,M,2,15,635,0,127,24,63,2540,164
57,Child,2,Medium,47010,F,N,1040,M,3,15,635,0,63,24,63,2540,164
58,Child,0,High,95786,F,Y,1533,S,4,7,10666,0,1066,21,1066,21332,87
58,Child,0,High,95786,M,Y,1792,S,1,5,10666,0,1066,21,1066,21332,87
58,Child,1,High,94188,M,N,1625,S,2,7,10431,0,1043,4,1043,20862,19
58,Child,1,High,94188,M,N,1994,S,4,10,10431,0,1043,4,1043,20862,19
58,Child,1,Low,76529,M,N,413,S,3,10,9230,923,0,5,923,18461,20
58,Child,2,Medium,93559,F,N,1332,S,3,12,380,0,38,4,38,1520,29
58,Child,2,Medium,93559,F,N,1738,S,1,14,380,0,38,4,38,1520,29
59,Child,0,High,83287,F,N,1834,M,1,5,14821,0,1482,22,1482,29642,90
59,Child,0,Low,81710,F,N,575,S,4,8,10476,1047,0,3,1047,20952,15
59,Child,0,Medium,77000,F,N,449,S,4,14,102,0,10,31,10,410,208
59,Child,1,High,13091,M,N,916,M,1,9,11396,0,1139,5,1139,22792,20
59,Child,1,High,13091,M,N,1290,M,4,8,11396,0,1139,5,1139,22792,20
59,Child,1,High,13091,M,N,1697,M,5,7,11396,0,1139,5,1139,22792,20
59,Child,1,High,13091,M,N,1929,M,1,10,11396,0,1139,5,1139,22792,20
59,Child,1,High,86252,F,Y,701,S,3,20,365,0,73,6,36,1460,43
59,Child,1,Low,13091,M,N,57,M,1,8,11396,1139,0,5,1139,22792,20
59,Child,1,Low,13091,M,N,332,M,4,6,11396,1139,0,5,1139,22792,20
59,Child,1,Low,13091,M,N,1574,M,5,10,11396,1139,0,5,1139,22792,20
60,Child,0,Low,19749,M,N,1265,M,2,5,10111,1011,0,3,1011,20222,13
60,Child,0,Medium,83287,F,N,756,S,5,12,102,0,10,31,10,410,208
60,Child,1,High,38738,F,N,702,M,2,8,5775,0,577,12,577,11551,48
60,Child,2,High,21419,F,N,662,M,4,8,13196,0,1319,25,1319,26392,103
60,Child,2,Low,21419,M,N,965,M,4,10,13196,1319,0,25,1319,26392,103
61,Child,0,High,64136,M,Y,904,S,2,7,8105,0,810,31,810,16211,125
61,Child,0,High,83891,F,Y,14,M,5,6,14461,0,1446,11,1446,28922,45
61,Child,0,High,83891,F,Y,875,M,2,9,14461,0,1446,11,1446,28922,45
61,Child,0,Low,42760,F,N,1903,S,2,6,6735,673,0,10,673,13471,40
61,Child,0,Low,83891,F,Y,569,M,3,8,14461,1446,0,11,1446,28922,45
61,Child,0,Medium,433,F,N,839,S,5,11,825,0,82,6,82,3300,40
61,Child,0,Medium,433,F,N,1660,S,4,10,825,0,82,6,82,3300,40
61,Child,0,Medium,433,F,N,2035,S,3,11,825,0,82,6,82,3300,40
61,Child,1,Low,56722,F,N,441,M,4,9,8685,868,0,12,868,17371,51
61,Child,2,High,14578,F,Y,947,S,2,10,5955,0,595,23,595,11911,95
61,Child,2,High,14578,F,Y,1945,S,4,9,5955,0,595,23,595,11911,95
61,Child,2,High,57420,F,Y,119,S,1,7,12591,0,1259,63,1259,25182,252
61,Child,2,Low,14578,F,Y,87,S,1,10,5955,595,0,23,595,11911,95
61,Child,2,Low,14578,F,Y,1713,S,1,9,5955,595,0,23,595,11911,95
61,Child,2,Medium,47639,F,N,1960,M,2,10,8740,0,874,9,874,17481,39
62,Child,0,High,69168,M,Y,824,M,5,5,7080,0,708,53,708,14161,214
62,Child,0,Low,5185,F,N,735,S,4,5,8195,819,0,7,819,16391,30
62,Child,0,Low,69168,M,Y,518,M,1,9,7080,708,0,53,708,14161,214
62,Child,0,Medium,15989,F,N,1093,S,5,16,917,0,183,3,91,3670,25
62,Child,0,Medium,15989,F,N,1512,S,5,15,917,0,91,3,91,3670,25
62,Child,1,High,98453,F,Y,976,M,5,7,6860,0,686,2,686,13721,11
62,Child,1,Low,49072,F,N,851,S,4,9,11751,1175,0,2,1175,23502,10
62,Child,1,Low,66921,F,Y,1177,M,2,8,7850,785,0,2,785,15701,8
62,Child,1,Low,76511,M,N,468,M,3,5,10841,1084,0,4,1084,21682,17
62,Child,2,High,45429,F,Y,905,M,5,5,12351,0,1235,18,1235,24702,73
62,Child,2,High,66182,F,Y,313,S,3,7,5850,0,585,11,585,11701,47
62,Child,2,Low,45429,F,Y,601,M,4,9,12351,1235,0,18,1235,24702,73
62,Child,2,Low,45429,M,Y,1979,M,2,10,12351,1235,0,18,1235,24702,73
62,Child,2,Low,45429,M,Y,2011,M,4,5,12351,1235,0,18,1235,24702,73
62,Child,2,Low,57420,F,Y,1844,S,5,8,12591,1259,0,63,1259,25182,252
62,Child,2,Low,66182,F,Y,36,S,3,5,5850,585,0,11,585,11701,47
63,Child,0,High,74530,F,N,499,S,2,6,10446,0,1044,26,1044,20892,106
63,Child,0,High,74530,F,N,1357,S,2,6,10446,0,1044,26,1044,20892,106
63,Child,0,Low,74530,F,N,1217,S,3,8,10446,1044,0,26,1044,20892,106
63,Child,0,Low,74530,F,N,1497,S,4,7,10446,1044,0,26,1044,20892,106
63,Child,0,Low,77000,F,N,653,M,1,7,14821,1482,0,22,1482,29642,90
63,Child,1,High,13109,F,N,1566,S,5,5,11191,0,1119,10,1119,22382,40
63,Child,1,High,17540,F,Y,568,S,3,9,11086,0,1108,3,1108,22172,13
63,Child,1,High,80000,F,Y,1597,M,1,19,1520,0,304,4,152,6080,30
63,Child,1,Low,13109,F,N,1410,S,2,10,11191,1119,0,10,1119,22382,40
63,Child,1,Low,17540,F,Y,2062,S,5,7,11086,1108,0,3,1108,22172,13
63,Child,2,High,21021,F,Y,54,S,1,20,250,0,50,1,25,1000,11
63,Child,2,High,21021,F,Y,1926,S,2,18,937,0,187,1,93,3750,11
63,Child,2,High,63152,M,Y,542,S,2,6,14966,0,1496,10,1496,29932,40
63,Child,2,High,63152,M,Y,1251,S,1,6,14966,0,1496,10,1496,29932,40
63,Child,2,High,63152,M,Y,1901,S,1,9,14966,0,1496,10,1496,29932,40
63,Child,2,Low,63152,M,Y,1785,S,1,7,14966,1496,0,10,1496,29932,40
63,Child,2,Medium,21021,M,Y,913,S,1,11,500,0,50,1,50,2000,11
64,Child,0,High,17138,F,N,184,S,3,9,10006,0,1000,21,1000,20012,84
64,Child,1,High,63437,M,N,632,M,3,17,170,0,34,1,17,680,10
64,Child,1,Low,66931,M,N,502,M,5,10,5860,586,0,1,586,11721,5
64,Child,1,Low,66931,M,N,1360,M,4,7,5860,586,0,1,586,11721,5
64,Child,1,Medium,63437,M,N,77,M,2,10,170,0,17,1,17,680,10
65,Child,0,High,32703,F,Y,595,M,4,6,8400,0,840,14,840,16801,56
65,Child,0,Low,75004,M,N,283,M,3,8,13261,1326,0,8,1326,26522,32
65,Child,0,Low,75004,M,N,561,M,3,9,13261,1326,0,8,1326,26522,32
65,Child,0,Low,96223,M,Y,240,M,5,9,5905,590,0,1,590,11811,5
65,Child,0,Low,96223,M,Y,1092,M,2,6,5905,590,0,1,590,11811,5
65,Child,1,High,12686,F,N,81,S,3,10,11616,0,1161,20,1161,23232,80
65,Child,1,High,12686,F,N,356,S,5,7,11616,0,1161,20,1161,23232,80
65,Child,1,High,82931,F,N,201,M,3,7,9620,0,962,29,962,19241,118
65,Child,1,High,82931,F,N,478,M,5,8,9620,0,962,29,962,19241,118
65,Child,1,High,82931,F,N,1620,M,5,8,9620,0,962,29,962,19241,118
65,Child,1,High,82931,F,N,1860,M,2,5,9620,0,962,29,962,19241,118
65,Child,1,Low,75004,M,N,1549,M,1,5,13261,1326,0,8,1326,26522,32
65,Child,1,Medium,58328,F,N,697,S,2,14,1842,0,184,18,184,7370,123
65,Child,2,High,86747,F,N,986,S,5,6,10076,0,1007,9,1007,20152,37
70,Child,0,High,27498,F,N,661,S,4,19,550,0,110,1,55,2200,9
70,Child,0,High,85275,F,N,1457,S,1,9,11241,0,1124,37,1124,22482,151
70,Child,0,High,95405,F,N,1532,M,2,15,1935,0,387,0,193,7740,6
70,Child,1,Low,66921,F,Y,1956,M,3,7,7850,785,0,2,785,15701,8
70,Child,2,Low,6440,F,Y,925,S,5,10,11331,1133,0,6,1133,22662,27
70,Child,2,Low,23464,F,Y,110,S,3,8,11216,1121,0,10,1121,22432,41
77,Child,0,Low,66666,M,N,781,S,4,8,14866,1486,0,8,1486,29732,35
